Workbook

Sheet Raw_Data
A1: user_id | B1: signup_date | C1: experiment_group | D1: region | E1: device_type | F1: traffic_source | G1: plan_type | H1: visited_landing_page | I1: started_trial | J1: completed_onboarding | K1: converted_to_paid | L1: revenue_30d | M1: support_tickets_30d | N1: refund_requested | O1: days_to_convert | P1: engagement_score | Q1: has_support_ticket | R1: ctrl_days_to_convert | S1: trt_days_to_convert | T1: ctrl_engagement | U1: trt_engagement
A2: USR-100001 | B2: 45732 | C2: Control | D2: North | E2: Desktop | F2: Email | G2: Basic | H2: 0 | I2: 0 | J2: 0 | K2: 0 | L2: 0 | M2: 0 | N2: 0 | P2: 45.7 | Q2: =IF(M2>0,1,0) -> 0 | R2: =IF(AND(C2="Control",K2=1),O2,"") | S2: =IF(AND(C2="Treatment",K2=1),O2,"") | T2: =IF(AND(C2="Control",P2<>""),P2,"") -> 45.7 | U2: =IF(AND(C2="Treatment",P2<>""),P2,"")
A3: USR-100002 | B3: 45724 | C3: Control | D3: West | E3: Mobile | F3: Organic | G3: Free | H3: 1 | I3: 0 | J3: 0 | K3: 0 | L3: 0 | M3: 0 | N3: 0 | P3: 48.6 | Q3: =IF(M3>0,1,0) -> 0 | R3: =IF(AND(C3="Control",K3=1),O3,"") | S3: =IF(AND(C3="Treatment",K3=1),O3,"") | T3: =IF(AND(C3="Control",P3<>""),P3,"") -> 48.6 | U3: =IF(AND(C3="Treatment",P3<>""),P3,"")
A4: USR-100003 | B4: 45771 | C4: Control | D4: East | E4: Mobile | F4: Paid Search | G4: Premium | H4: 1 | I4: 0 | J4: 0 | K4: 0 | L4: 0 | M4: 1 | N4: 0 | P4: 35.4 | Q4: =IF(M4>0,1,0) -> 1 | R4: =IF(AND(C4="Control",K4=1),O4,"") | S4: =IF(AND(C4="Treatment",K4=1),O4,"") | T4: =IF(AND(C4="Control",P4<>""),P4,"") -> 35.4 | U4: =IF(AND(C4="Treatment",P4<>""),P4,"")
A5: USR-100004 | B5: 45781 | C5: Control | D5: South | E5: Mobile | F5: Email | G5: Basic | H5: 1 | I5: 0 | J5: 0 | K5: 0 | L5: 0 | M5: 0 | N5: 0 | P5: 64.6 | Q5: =IF(M5>0,1,0) -> 0 | R5: =IF(AND(C5="Control",K5=1),O5,"") | S5: =IF(AND(C5="Treatment",K5=1),O5,"") | T5: =IF(AND(C5="Control",P5<>""),P5,"") -> 64.6 | U5: =IF(AND(C5="Treatment",P5<>""),P5,"")
A6: USR-100005 | B6: 45700 | C6: Control | D6: North | E6: Tablet | F6: Organic | G6: Free | H6: 0 | I6: 0 | J6: 0 | K6: 0 | L6: 0 | M6: 0 | N6: 0 | P6: 66.6 | Q6: =IF(M6>0,1,0) -> 0 | R6: =IF(AND(C6="Control",K6=1),O6,"") | S6: =IF(AND(C6="Treatment",K6=1),O6,"") | T6: =IF(AND(C6="Control",P6<>""),P6,"") -> 66.6 | U6: =IF(AND(C6="Treatment",P6<>""),P6,"")
A7: USR-100006 | B7: 45685 | C7: Control | D7: East | E7: Mobile | F7: Organic | G7: Premium | H7: 1 | I7: 0 | J7: 0 | K7: 0 | L7: 0 | M7: 0 | N7: 0 | P7: 40.8 | Q7: =IF(M7>0,1,0) -> 0 | R7: =IF(AND(C7="Control",K7=1),O7,"") | S7: =IF(AND(C7="Treatment",K7=1),O7,"") | T7: =IF(AND(C7="Control",P7<>""),P7,"") -> 40.8 | U7: =IF(AND(C7="Treatment",P7<>""),P7,"")
A8: USR-100007 | B8: 45755 | C8: Control | D8: East | E8: Mobile | F8: Paid Search | G8: Basic | H8: 1 | I8: 1 | J8: 0 | K8: 0 | L8: 0 | M8: 0 | N8: 0 | P8: 57.1 | Q8: =IF(M8>0,1,0) -> 0 | R8: =IF(AND(C8="Control",K8=1),O8,"") | S8: =IF(AND(C8="Treatment",K8=1),O8,"") | T8: =IF(AND(C8="Control",P8<>""),P8,"") -> 57.1 | U8: =IF(AND(C8="Treatment",P8<>""),P8,"")
A9: USR-100008 | B9: 45794 | C9: Control | D9: South | E9: Mobile | F9: Paid Search | G9: Free | H9: 0 | I9: 0 | J9: 0 | K9: 0 | L9: 0 | M9: 0 | N9: 0 | P9: 36.4 | Q9: =IF(M9>0,1,0) -> 0 | R9: =IF(AND(C9="Control",K9=1),O9,"") | S9: =IF(AND(C9="Treatment",K9=1),O9,"") | T9: =IF(AND(C9="Control",P9<>""),P9,"") -> 36.4 | U9: =IF(AND(C9="Treatment",P9<>""),P9,"")
A10: USR-100009 | B10: 45711 | C10: Control | D10: South | E10: Tablet | F10: Referral | G10: Basic | H10: 0 | I10: 0 | J10: 0 | K10: 0 | L10: 0 | M10: 0 | N10: 0 | P10: 55.4 | Q10: =IF(M10>0,1,0) -> 0 | R10: =IF(AND(C10="Control",K10=1),O10,"") | S10: =IF(AND(C10="Treatment",K10=1),O10,"") | T10: =IF(AND(C10="Control",P10<>""),P10,"") -> 55.4 | U10: =IF(AND(C10="Treatment",P10<>""),P10,"")
A11: USR-100010 | B11: 45806 | C11: Control | D11: West | E11: Desktop | F11: Social | G11: Free | H11: 1 | I11: 0 | J11: 0 | K11: 0 | L11: 0 | M11: 0 | N11: 0 | P11: 57.3 | Q11: =IF(M11>0,1,0) -> 0 | R11: =IF(AND(C11="Control",K11=1),O11,"") | S11: =IF(AND(C11="Treatment",K11=1),O11,"") | T11: =IF(AND(C11="Control",P11<>""),P11,"") -> 57.3 | U11: =IF(AND(C11="Treatment",P11<>""),P11,"")
A12: USR-100011 | B12: 45777 | C12: Control | D12: East | E12: Mobile | F12: Paid Search | G12: Basic | H12: 1 | I12: 1 | J12: 1 | K12: 0 | L12: 0 | M12: 0 | N12: 0 | P12: 63.6 | Q12: =IF(M12>0,1,0) -> 0 | R12: =IF(AND(C12="Control",K12=1),O12,"") | S12: =IF(AND(C12="Treatment",K12=1),O12,"") | T12: =IF(AND(C12="Control",P12<>""),P12,"") -> 63.6 | U12: =IF(AND(C12="Treatment",P12<>""),P12,"")
A13: USR-100012 | B13: 45732 | C13: Control | D13: East | E13: Mobile | F13: Social | G13: Premium | H13: 1 | I13: 1 | J13: 1 | K13: 0 | L13: 0 | M13: 1 | N13: 0 | P13: 80.4 | Q13: =IF(M13>0,1,0) -> 1 | R13: =IF(AND(C13="Control",K13=1),O13,"") | S13: =IF(AND(C13="Treatment",K13=1),O13,"") | T13: =IF(AND(C13="Control",P13<>""),P13,"") -> 80.4 | U13: =IF(AND(C13="Treatment",P13<>""),P13,"")
... A60: USR-100059 | B60: 45761 | C60: Control | D60: North | E60: Mobile | F60: Social | G60: Free | H60: 0 | I60: 0 | J60: 0 | K60: 0 | L60: 0 | M60: 2 | N60: 0 | P60: 48.9 | Q60: =IF(M60>0,1,0) -> 1 | R60: =IF(AND(C60="Control",K60=1),O60,"") | S60: =IF(AND(C60="Treatment",K60=1),O60,"") | T60: =IF(AND(C60="Control",P60<>""),P60,"") -> 48.9 | U60: =IF(AND(C60="Treatment",P60<>""),P60,"")
A61: USR-100060 | B61: 45658 | C61: Control | D61: West | E61: Mobile | F61: Social | G61: Free | H61: 1 | I61: 1 | J61: 1 | K61: 1 | L61: 240.42 | M61: 0 | N61: 0 | O61: 16 | P61: 56.5 | Q61: =IF(M61>0,1,0) -> 0 | R61: =IF(AND(C61="Control",K61=1),O61,"") -> 16 | S61: =IF(AND(C61="Treatment",K61=1),O61,"") | T61: =IF(AND(C61="Control",P61<>""),P61,"") -> 56.5 | U61: =IF(AND(C61="Treatment",P61<>""),P61,"")
A62: USR-100061 | B62: 45749 | C62: Control | D62: South | E62: Mobile | F62: Referral | G62: Free | H62: 1 | I62: 0 | J62: 0 | K62: 0 | L62: 0 | M62: 0 | N62: 0 | P62: 53.7 | Q62: =IF(M62>0,1,0) -> 0 | R62: =IF(AND(C62="Control",K62=1),O62,"") | S62: =IF(AND(C62="Treatment",K62=1),O62,"") | T62: =IF(AND(C62="Control",P62<>""),P62,"") -> 53.7 | U62: =IF(AND(C62="Treatment",P62<>""),P62,"")
A63: USR-100062 | B63: 45745 | C63: Control | D63: North | E63: Mobile | F63: Social | G63: Premium | H63: 0 | I63: 0 | J63: 0 | K63: 0 | L63: 0 | M63: 0 | N63: 0 | P63: 62.2 | Q63: =IF(M63>0,1,0) -> 0 | R63: =IF(AND(C63="Control",K63=1),O63,"") | S63: =IF(AND(C63="Treatment",K63=1),O63,"") | T63: =IF(AND(C63="Control",P63<>""),P63,"") -> 62.2 | U63: =IF(AND(C63="Treatment",P63<>""),P63,"")
A64: USR-100063 | B64: 45792 | C64: Control | D64: South | E64: Desktop | F64: Organic | G64: Free | H64: 1 | I64: 0 | J64: 0 | K64: 0 | L64: 0 | M64: 0 | N64: 0 | P64: 50.2 | Q64: =IF(M64>0,1,0) -> 0 | R64: =IF(AND(C64="Control",K64=1),O64,"") | S64: =IF(AND(C64="Treatment",K64=1),O64,"") | T64: =IF(AND(C64="Control",P64<>""),P64,"") -> 50.2 | U64: =IF(AND(C64="Treatment",P64<>""),P64,"")
A65: USR-100064 | B65: 45758 | C65: Control | D65: North | E65: Mobile | F65: Organic | G65: Basic | H65: 1 | I65: 0 | J65: 0 | K65: 0 | L65: 0 | M65: 0 | N65: 0 | P65: 74.3 | Q65: =IF(M65>0,1,0) -> 0 | R65: =IF(AND(C65="Control",K65=1),O65,"") | S65: =IF(AND(C65="Treatment",K65=1),O65,"") | T65: =IF(AND(C65="Control",P65<>""),P65,"") -> 74.3 | U65: =IF(AND(C65="Treatment",P65<>""),P65,"")
A66: USR-100065 | B66: 45723 | C66: Control | D66: South | E66: Desktop | F66: Paid Search | G66: Free | H66: 1 | I66: 0 | J66: 0 | K66: 0 | L66: 0 | M66: 0 | N66: 0 | P66: 58 | Q66: =IF(M66>0,1,0) -> 0 | R66: =IF(AND(C66="Control",K66=1),O66,"") | S66: =IF(AND(C66="Treatment",K66=1),O66,"") | T66: =IF(AND(C66="Control",P66<>""),P66,"") -> 58 | U66: =IF(AND(C66="Treatment",P66<>""),P66,"")
A67: USR-100066 | B67: 45807 | C67: Control | D67: South | E67: Mobile | F67: Organic | G67: Free | H67: 0 | I67: 0 | J67: 0 | K67: 0 | L67: 0 | M67: 0 | N67: 0 | P67: 46.7 | Q67: =IF(M67>0,1,0) -> 0 | R67: =IF(AND(C67="Control",K67=1),O67,"") | S67: =IF(AND(C67="Treatment",K67=1),O67,"") | T67: =IF(AND(C67="Control",P67<>""),P67,"") -> 46.7 | U67: =IF(AND(C67="Treatment",P67<>""),P67,"")
A68: USR-100067 | B68: 45664 | C68: Control | D68: South | E68: Desktop | F68: Organic | G68: Premium | H68: 1 | I68: 0 | J68: 0 | K68: 0 | L68: 0 | M68: 1 | N68: 0 | P68: 49.6 | Q68: =IF(M68>0,1,0) -> 1 | R68: =IF(AND(C68="Control",K68=1),O68,"") | S68: =IF(AND(C68="Treatment",K68=1),O68,"") | T68: =IF(AND(C68="Control",P68<>""),P68,"") -> 49.6 | U68: =IF(AND(C68="Treatment",P68<>""),P68,"")
A69: USR-100068 | B69: 45785 | C69: Control | D69: West | E69: Mobile | F69: Social | G69: Free | H69: 0 | I69: 0 | J69: 0 | K69: 0 | L69: 0 | M69: 0 | N69: 0 | P69: 60.4 | Q69: =IF(M69>0,1,0) -> 0 | R69: =IF(AND(C69="Control",K69=1),O69,"") | S69: =IF(AND(C69="Treatment",K69=1),O69,"") | T69: =IF(AND(C69="Control",P69<>""),P69,"") -> 60.4 | U69: =IF(AND(C69="Treatment",P69<>""),P69,"")
A70: USR-100069 | B70: 45735 | C70: Control | D70: East | E70: Desktop | F70: Email | G70: Free | H70: 1 | I70: 1 | J70: 1 | K70: 0 | L70: 0 | M70: 0 | N70: 0 | P70: 55.3 | Q70: =IF(M70>0,1,0) -> 0 | R70: =IF(AND(C70="Control",K70=1),O70,"") | S70: =IF(AND(C70="Treatment",K70=1),O70,"") | T70: =IF(AND(C70="Control",P70<>""),P70,"") -> 55.3 | U70: =IF(AND(C70="Treatment",P70<>""),P70,"")
A71: USR-100070 | B71: 45793 | C71: Control | D71: North | E71: Desktop | F71: Organic | G71: Free | H71: 0 | I71: 0 | J71: 0 | K71: 0 | L71: 0 | M71: 0 | N71: 0 | P71: 56.2 | Q71: =IF(M71>0,1,0) -> 0 | R71: =IF(AND(C71="Control",K71=1),O71,"") | S71: =IF(AND(C71="Treatment",K71=1),O71,"") | T71: =IF(AND(C71="Control",P71<>""),P71,"") -> 56.2 | U71: =IF(AND(C71="Treatment",P71<>""),P71,"")
A72: USR-100071 | B72: 45724 | C72: Control | D72: West | E72: Mobile | F72: Email | G72: Free | H72: 0 | I72: 0 | J72: 0 | K72: 0 | L72: 0 | M72: 0 | N72: 0 | P72: 29.4 | Q72: =IF(M72>0,1,0) -> 0 | R72: =IF(AND(C72="Control",K72=1),O72,"") | S72: =IF(AND(C72="Treatment",K72=1),O72,"") | T72: =IF(AND(C72="Control",P72<>""),P72,"") -> 29.4 | U72: =IF(AND(C72="Treatment",P72<>""),P72,"")
A73: USR-100072 | B73: 45724 | C73: Control | D73: East | E73: Mobile | F73: Email | G73: Free | H73: 1 | I73: 0 | J73: 0 | K73: 0 | L73: 0 | M73: 0 | N73: 0 | P73: 54.2 | Q73: =IF(M73>0,1,0) -> 0 | R73: =IF(AND(C73="Control",K73=1),O73,"") | S73: =IF(AND(C73="Treatment",K73=1),O73,"") | T73: =IF(AND(C73="Control",P73<>""),P73,"") -> 54.2 | U73: =IF(AND(C73="Treatment",P73<>""),P73,"")
... A79: USR-100078 | B79: 45673 | C79: Control | D79: North | E79: Mobile | F79: Organic | G79: Free | H79: 0 | I79: 0 | J79: 0 | K79: 0 | L79: 0 | M79: 2 | N79: 0 | P79: 48.4 | Q79: =IF(M79>0,1,0) -> 1 | R79: =IF(AND(C79="Control",K79=1),O79,"") | S79: =IF(AND(C79="Treatment",K79=1),O79,"") | T79: =IF(AND(C79="Control",P79<>""),P79,"") -> 48.4 | U79: =IF(AND(C79="Treatment",P79<>""),P79,"")
A80: USR-100079 | B80: 45708 | C80: Control | D80: West | E80: Desktop | F80: Organic | G80: Free | H80: 1 | I80: 1 | J80: 1 | K80: 1 | L80: 457.51 | M80: 0 | N80: 0 | O80: 7 | P80: 38 | Q80: =IF(M80>0,1,0) -> 0 | R80: =IF(AND(C80="Control",K80=1),O80,"") -> 7 | S80: =IF(AND(C80="Treatment",K80=1),O80,"") | T80: =IF(AND(C80="Control",P80<>""),P80,"") -> 38 | U80: =IF(AND(C80="Treatment",P80<>""),P80,"")
A81: USR-100080 | B81: 45798 | C81: Control | D81: East | E81: Mobile | F81: Social | G81: Free | H81: 1 | I81: 0 | J81: 0 | K81: 0 | L81: 0 | M81: 0 | N81: 0 | P81: 44.2 | Q81: =IF(M81>0,1,0) -> 0 | R81: =IF(AND(C81="Control",K81=1),O81,"") | S81: =IF(AND(C81="Treatment",K81=1),O81,"") | T81: =IF(AND(C81="Control",P81<>""),P81,"") -> 44.2 | U81: =IF(AND(C81="Treatment",P81<>""),P81,"")
A82: USR-100081 | B82: 45785 | C82: Control | D82: South | E82: Mobile | F82: Organic | G82: Free | H82: 1 | I82: 1 | J82: 1 | K82: 0 | L82: 0 | M82: 0 | N82: 0 | P82: 81.2 | Q82: =IF(M82>0,1,0) -> 0 | R82: =IF(AND(C82="Control",K82=1),O82,"") | S82: =IF(AND(C82="Treatment",K82=1),O82,"") | T82: =IF(AND(C82="Control",P82<>""),P82,"") -> 81.2 | U82: =IF(AND(C82="Treatment",P82<>""),P82,"")
A83: USR-100082 | B83: 45724 | C83: Control | D83: South | E83: Mobile | F83: Referral | G83: Free | H83: 1 | I83: 1 | J83: 0 | K83: 0 | L83: 0 | M83: 0 | N83: 0 | P83: 63.8 | Q83: =IF(M83>0,1,0) -> 0 | R83: =IF(AND(C83="Control",K83=1),O83,"") | S83: =IF(AND(C83="Treatment",K83=1),O83,"") | T83: =IF(AND(C83="Control",P83<>""),P83,"") -> 63.8 | U83: =IF(AND(C83="Treatment",P83<>""),P83,"")
A84: USR-100083 | B84: 45748 | C84: Control | D84: South | E84: Desktop | F84: Email | G84: Free | H84: 0 | I84: 0 | J84: 0 | K84: 0 | L84: 0 | M84: 0 | N84: 0 | P84: 64.7 | Q84: =IF(M84>0,1,0) -> 0 | R84: =IF(AND(C84="Control",K84=1),O84,"") | S84: =IF(AND(C84="Treatment",K84=1),O84,"") | T84: =IF(AND(C84="Control",P84<>""),P84,"") -> 64.7 | U84: =IF(AND(C84="Treatment",P84<>""),P84,"")
A85: USR-100084 | B85: 45719 | C85: Control | D85: West | E85: Mobile | F85: Social | G85: Basic | H85: 0 | I85: 0 | J85: 0 | K85: 0 | L85: 0 | M85: 0 | N85: 0 | P85: 60.4 | Q85: =IF(M85>0,1,0) -> 0 | R85: =IF(AND(C85="Control",K85=1),O85,"") | S85: =IF(AND(C85="Treatment",K85=1),O85,"") | T85: =IF(AND(C85="Control",P85<>""),P85,"") -> 60.4 | U85: =IF(AND(C85="Treatment",P85<>""),P85,"")
A86: USR-100085 | B86: 45763 | C86: Control | D86: South | E86: Mobile | F86: Paid Search | G86: Free | H86: 0 | I86: 0 | J86: 0 | K86: 0 | L86: 0 | M86: 0 | N86: 0 | P86: 66.6 | Q86: =IF(M86>0,1,0) -> 0 | R86: =IF(AND(C86="Control",K86=1),O86,"") | S86: =IF(AND(C86="Treatment",K86=1),O86,"") | T86: =IF(AND(C86="Control",P86<>""),P86,"") -> 66.6 | U86: =IF(AND(C86="Treatment",P86<>""),P86,"")
A87: USR-100086 | B87: 45666 | C87: Control | D87: North | E87: Desktop | F87: Organic | G87: Free | H87: 1 | I87: 0 | J87: 0 | K87: 0 | L87: 0 | M87: 0 | N87: 0 | P87: 50.9 | Q87: =IF(M87>0,1,0) -> 0 | R87: =IF(AND(C87="Control",K87=1),O87,"") | S87: =IF(AND(C87="Treatment",K87=1),O87,"") | T87: =IF(AND(C87="Control",P87<>""),P87,"") -> 50.9 | U87: =IF(AND(C87="Treatment",P87<>""),P87,"")
A88: USR-100087 | B88: 45679 | C88: Control | D88: West | E88: Desktop | F88: Social | G88: Basic | H88: 0 | I88: 0 | J88: 0 | K88: 0 | L88: 0 | M88: 0 | N88: 0 | P88: 51 | Q88: =IF(M88>0,1,0) -> 0 | R88: =IF(AND(C88="Control",K88=1),O88,"") | S88: =IF(AND(C88="Treatment",K88=1),O88,"") | T88: =IF(AND(C88="Control",P88<>""),P88,"") -> 51 | U88: =IF(AND(C88="Treatment",P88<>""),P88,"")
A89: USR-100088 | B89: 45777 | C89: Control | D89: South | E89: Mobile | F89: Email | G89: Premium | H89: 0 | I89: 0 | J89: 0 | K89: 0 | L89: 0 | M89: 0 | N89: 0 | P89: 65.8 | Q89: =IF(M89>0,1,0) -> 0 | R89: =IF(AND(C89="Control",K89=1),O89,"") | S89: =IF(AND(C89="Treatment",K89=1),O89,"") | T89: =IF(AND(C89="Control",P89<>""),P89,"") -> 65.8 | U89: =IF(AND(C89="Treatment",P89<>""),P89,"")
A90: USR-100089 | B90: 45772 | C90: Control | D90: North | E90: Mobile | F90: Referral | G90: Basic | H90: 1 | I90: 0 | J90: 0 | K90: 0 | L90: 0 | M90: 0 | N90: 0 | P90: 61.8 | Q90: =IF(M90>0,1,0) -> 0 | R90: =IF(AND(C90="Control",K90=1),O90,"") | S90: =IF(AND(C90="Treatment",K90=1),O90,"") | T90: =IF(AND(C90="Control",P90<>""),P90,"") -> 61.8 | U90: =IF(AND(C90="Treatment",P90<>""),P90,"")
A91: USR-100090 | B91: 45689 | C91: Control | D91: North | E91: Mobile | F91: Organic | G91: Basic | H91: 1 | I91: 0 | J91: 0 | K91: 0 | L91: 0 | M91: 0 | N91: 0 | P91: 54.5 | Q91: =IF(M91>0,1,0) -> 0 | R91: =IF(AND(C91="Control",K91=1),O91,"") | S91: =IF(AND(C91="Treatment",K91=1),O91,"") | T91: =IF(AND(C91="Control",P91<>""),P91,"") -> 54.5 | U91: =IF(AND(C91="Treatment",P91<>""),P91,"")
A92: USR-100091 | B92: 45770 | C92: Control | D92: South | E92: Desktop | F92: Organic | G92: Free | H92: 1 | I92: 0 | J92: 0 | K92: 0 | L92: 0 | M92: 0 | N92: 0 | P92: 72.2 | Q92: =IF(M92>0,1,0) -> 0 | R92: =IF(AND(C92="Control",K92=1),O92,"") | S92: =IF(AND(C92="Treatment",K92=1),O92,"") | T92: =IF(AND(C92="Control",P92<>""),P92,"") -> 72.2 | U92: =IF(AND(C92="Treatment",P92<>""),P92,"")
... A99: USR-100098 | B99: 45699 | C99: Control | D99: North | E99: Desktop | F99: Organic | G99: Premium | H99: 1 | I99: 0 | J99: 0 | K99: 0 | L99: 0 | M99: 0 | N99: 0 | P99: 63.2 | Q99: =IF(M99>0,1,0) -> 0 | R99: =IF(AND(C99="Control",K99=1),O99,"") | S99: =IF(AND(C99="Treatment",K99=1),O99,"") | T99: =IF(AND(C99="Control",P99<>""),P99,"") -> 63.2 | U99: =IF(AND(C99="Treatment",P99<>""),P99,"")
A100: USR-100099 | B100: 45699 | C100: Control | D100: East | E100: Desktop | F100: Social | G100: Free | H100: 1 | I100: 1 | J100: 1 | K100: 1 | L100: 363.32 | M100: 0 | N100: 0 | O100: 9 | P100: 55.9 | Q100: =IF(M100>0,1,0) -> 0 | R100: =IF(AND(C100="Control",K100=1),O100,"") -> 9 | S100: =IF(AND(C100="Treatment",K100=1),O100,"") | T100: =IF(AND(C100="Control",P100<>""),P100,"") -> 55.9 | U100: =IF(AND(C100="Treatment",P100<>""),P100,"")
A101: USR-100100 | B101: 45803 | C101: Control | D101: North | E101: Mobile | F101: Organic | G101: Free | H101: 1 | I101: 0 | J101: 0 | K101: 0 | L101: 0 | M101: 0 | N101: 0 | P101: 63.5 | Q101: =IF(M101>0,1,0) -> 0 | R101: =IF(AND(C101="Control",K101=1),O101,"") | S101: =IF(AND(C101="Treatment",K101=1),O101,"") | T101: =IF(AND(C101="Control",P101<>""),P101,"") -> 63.5 | U101: =IF(AND(C101="Treatment",P101<>""),P101,"")
A102: USR-100101 | B102: 45738 | C102: Control | D102: North | E102: Mobile | F102: Paid Search | G102: Basic | H102: 1 | I102: 0 | J102: 0 | K102: 0 | L102: 0 | M102: 0 | N102: 0 | P102: 51.5 | Q102: =IF(M102>0,1,0) -> 0 | R102: =IF(AND(C102="Control",K102=1),O102,"") | S102: =IF(AND(C102="Treatment",K102=1),O102,"") | T102: =IF(AND(C102="Control",P102<>""),P102,"") -> 51.5 | U102: =IF(AND(C102="Treatment",P102<>""),P102,"")
A103: USR-100102 | B103: 45755 | C103: Control | D103: West | E103: Mobile | F103: Paid Search | G103: Free | H103: 1 | I103: 0 | J103: 0 | K103: 0 | L103: 0 | M103: 0 | N103: 0 | P103: 74.4 | Q103: =IF(M103>0,1,0) -> 0 | R103: =IF(AND(C103="Control",K103=1),O103,"") | S103: =IF(AND(C103="Treatment",K103=1),O103,"") | T103: =IF(AND(C103="Control",P103<>""),P103,"") -> 74.4 | U103: =IF(AND(C103="Treatment",P103<>""),P103,"")
A104: USR-100103 | B104: 45761 | C104: Control | D104: North | E104: Desktop | F104: Social | G104: Free | H104: 1 | I104: 1 | J104: 1 | K104: 1 | L104: 3887.98 | M104: 0 | N104: 0 | O104: 13 | P104: 60.2 | Q104: =IF(M104>0,1,0) -> 0 | R104: =IF(AND(C104="Control",K104=1),O104,"") -> 13 | S104: =IF(AND(C104="Treatment",K104=1),O104,"") | T104: =IF(AND(C104="Control",P104<>""),P104,"") -> 60.2 | U104: =IF(AND(C104="Treatment",P104<>""),P104,"")
A105: USR-100104 | B105: 45743 | C105: Control | D105: South | E105: Mobile | F105: Email | G105: Free | H105: 1 | I105: 0 | J105: 0 | K105: 0 | L105: 0 | M105: 1 | N105: 0 | P105: 67.2 | Q105: =IF(M105>0,1,0) -> 1 | R105: =IF(AND(C105="Control",K105=1),O105,"") | S105: =IF(AND(C105="Treatment",K105=1),O105,"") | T105: =IF(AND(C105="Control",P105<>""),P105,"") -> 67.2 | U105: =IF(AND(C105="Treatment",P105<>""),P105,"")
A106: USR-100105 | B106: 45662 | C106: Control | D106: South | E106: Mobile | F106: Social | G106: Free | H106: 1 | I106: 1 | J106: 1 | K106: 0 | L106: 0 | M106: 0 | N106: 0 | P106: 79.6 | Q106: =IF(M106>0,1,0) -> 0 | R106: =IF(AND(C106="Control",K106=1),O106,"") | S106: =IF(AND(C106="Treatment",K106=1),O106,"") | T106: =IF(AND(C106="Control",P106<>""),P106,"") -> 79.6 | U106: =IF(AND(C106="Treatment",P106<>""),P106,"")
A107: USR-100106 | B107: 45682 | C107: Control | D107: South | E107: Mobile | F107: Social | G107: Basic | H107: 1 | I107: 1 | J107: 1 | K107: 1 | L107: 8610.72 | M107: 0 | N107: 0 | O107: 6 | P107: 61 | Q107: =IF(M107>0,1,0) -> 0 | R107: =IF(AND(C107="Control",K107=1),O107,"") -> 6 | S107: =IF(AND(C107="Treatment",K107=1),O107,"") | T107: =IF(AND(C107="Control",P107<>""),P107,"") -> 61 | U107: =IF(AND(C107="Treatment",P107<>""),P107,"")
A108: USR-100107 | B108: 45680 | C108: Control | D108: West | E108: Mobile | F108: Email | G108: Free | H108: 1 | I108: 1 | J108: 1 | K108: 0 | L108: 0 | M108: 4 | N108: 0 | P108: 51.1 | Q108: =IF(M108>0,1,0) -> 1 | R108: =IF(AND(C108="Control",K108=1),O108,"") | S108: =IF(AND(C108="Treatment",K108=1),O108,"") | T108: =IF(AND(C108="Control",P108<>""),P108,"") -> 51.1 | U108: =IF(AND(C108="Treatment",P108<>""),P108,"")
A109: USR-100108 | B109: 45802 | C109: Control | D109: East | E109: Desktop | F109: Referral | G109: Free | H109: 1 | I109: 0 | J109: 0 | K109: 0 | L109: 0 | M109: 0 | N109: 0 | P109: 92.1 | Q109: =IF(M109>0,1,0) -> 0 | R109: =IF(AND(C109="Control",K109=1),O109,"") | S109: =IF(AND(C109="Treatment",K109=1),O109,"") | T109: =IF(AND(C109="Control",P109<>""),P109,"") -> 92.1 | U109: =IF(AND(C109="Treatment",P109<>""),P109,"")
A110: USR-100109 | B110: 45738 | C110: Control | D110: South | E110: Mobile | F110: Referral | G110: Basic | H110: 0 | I110: 0 | J110: 0 | K110: 0 | L110: 0 | M110: 0 | N110: 0 | P110: 82.1 | Q110: =IF(M110>0,1,0) -> 0 | R110: =IF(AND(C110="Control",K110=1),O110,"") | S110: =IF(AND(C110="Treatment",K110=1),O110,"") | T110: =IF(AND(C110="Control",P110<>""),P110,"") -> 82.1 | U110: =IF(AND(C110="Treatment",P110<>""),P110,"")
A111: USR-100110 | B111: 45700 | C111: Control | D111: West | E111: Desktop | F111: Paid Search | G111: Basic | H111: 1 | I111: 0 | J111: 0 | K111: 0 | L111: 0 | M111: 1 | N111: 0 | P111: 74 | Q111: =IF(M111>0,1,0) -> 1 | R111: =IF(AND(C111="Control",K111=1),O111,"") | S111: =IF(AND(C111="Treatment",K111=1),O111,"") | T111: =IF(AND(C111="Control",P111<>""),P111,"") -> 74 | U111: =IF(AND(C111="Treatment",P111<>""),P111,"")
A112: USR-100111 | B112: 45775 | C112: Control | D112: West | E112: Desktop | F112: Organic | G112: Basic | H112: 1 | I112: 0 | J112: 0 | K112: 0 | L112: 0 | M112: 0 | N112: 0 | P112: 63.4 | Q112: =IF(M112>0,1,0) -> 0 | R112: =IF(AND(C112="Control",K112=1),O112,"") | S112: =IF(AND(C112="Treatment",K112=1),O112,"") | T112: =IF(AND(C112="Control",P112<>""),P112,"") -> 63.4 | U112: =IF(AND(C112="Treatment",P112<>""),P112,"")
A113: USR-100112 | B113: 45687 | C113: Control | D113: North | E113: Mobile | F113: Organic | G113: Basic | H113: 1 | I113: 0 | J113: 0 | K113: 0 | L113: 0 | M113: 0 | N113: 0 | P113: 53.2 | Q113: =IF(M113>0,1,0) -> 0 | R113: =IF(AND(C113="Control",K113=1),O113,"") | S113: =IF(AND(C113="Treatment",K113=1),O113,"") | T113: =IF(AND(C113="Control",P113<>""),P113,"") -> 53.2 | U113: =IF(AND(C113="Treatment",P113<>""),P113,"")
A114: USR-100113 | B114: 45796 | C114: Control | D114: East | E114: Tablet | F114: Paid Search | G114: Free | H114: 0 | I114: 0 | J114: 0 | K114: 0 | L114: 0 | M114: 0 | N114: 0 | P114: 48.1 | Q114: =IF(M114>0,1,0) -> 0 | R114: =IF(AND(C114="Control",K114=1),O114,"") | S114: =IF(AND(C114="Treatment",K114=1),O114,"") | T114: =IF(AND(C114="Control",P114<>""),P114,"") -> 48.1 | U114: =IF(AND(C114="Treatment",P114<>""),P114,"")
A115: USR-100114 | B115: 45680 | C115: Control | D115: South | E115: Mobile | F115: Social | G115: Free | H115: 1 | I115: 1 | J115: 0 | K115: 0 | L115: 0 | M115: 0 | N115: 0 | P115: 61.5 | Q115: =IF(M115>0,1,0) -> 0 | R115: =IF(AND(C115="Control",K115=1),O115,"") | S115: =IF(AND(C115="Treatment",K115=1),O115,"") | T115: =IF(AND(C115="Control",P115<>""),P115,"") -> 61.5 | U115: =IF(AND(C115="Treatment",P115<>""),P115,"")
A116: USR-100115 | B116: 45744 | C116: Control | D116: East | E116: Desktop | F116: Social | G116: Free | H116: 1 | I116: 0 | J116: 0 | K116: 0 | L116: 0 | M116: 0 | N116: 0 | P116: 63.2 | Q116: =IF(M116>0,1,0) -> 0 | R116: =IF(AND(C116="Control",K116=1),O116,"") | S116: =IF(AND(C116="Treatment",K116=1),O116,"") | T116: =IF(AND(C116="Control",P116<>""),P116,"") -> 63.2 | U116: =IF(AND(C116="Treatment",P116<>""),P116,"")
A117: USR-100116 | B117: 45668 | C117: Control | D117: West | E117: Mobile | F117: Organic | G117: Free | H117: 0 | I117: 0 | J117: 0 | K117: 0 | L117: 0 | M117: 0 | N117: 0 | P117: 71.9 | Q117: =IF(M117>0,1,0) -> 0 | R117: =IF(AND(C117="Control",K117=1),O117,"") | S117: =IF(AND(C117="Treatment",K117=1),O117,"") | T117: =IF(AND(C117="Control",P117<>""),P117,"") -> 71.9 | U117: =IF(AND(C117="Treatment",P117<>""),P117,"")
A118: USR-100117 | B118: 45758 | C118: Control | D118: North | E118: Mobile | F118: Referral | G118: Free | H118: 0 | I118: 0 | J118: 0 | K118: 0 | L118: 0 | M118: 0 | N118: 0 | P118: 62.7 | Q118: =IF(M118>0,1,0) -> 0 | R118: =IF(AND(C118="Control",K118=1),O118,"") | S118: =IF(AND(C118="Treatment",K118=1),O118,"") | T118: =IF(AND(C118="Control",P118<>""),P118,"") -> 62.7 | U118: =IF(AND(C118="Treatment",P118<>""),P118,"")
A119: USR-100118 | B119: 45659 | C119: Control | D119: West | E119: Mobile | F119: Paid Search | G119: Free | H119: 1 | I119: 0 | J119: 0 | K119: 0 | L119: 0 | M119: 0 | N119: 0 | P119: 51.5 | Q119: =IF(M119>0,1,0) -> 0 | R119: =IF(AND(C119="Control",K119=1),O119,"") | S119: =IF(AND(C119="Treatment",K119=1),O119,"") | T119: =IF(AND(C119="Control",P119<>""),P119,"") -> 51.5 | U119: =IF(AND(C119="Treatment",P119<>""),P119,"")
... A124: USR-100123 | B124: 45769 | C124: Control | D124: South | E124: Mobile | F124: Referral | G124: Basic | H124: 0 | I124: 0 | J124: 0 | K124: 0 | L124: 0 | M124: 0 | N124: 0 | P124: 36.1 | Q124: =IF(M124>0,1,0) -> 0 | R124: =IF(AND(C124="Control",K124=1),O124,"") | S124: =IF(AND(C124="Treatment",K124=1),O124,"") | T124: =IF(AND(C124="Control",P124<>""),P124,"") -> 36.1 | U124: =IF(AND(C124="Treatment",P124<>""),P124,"")
A125: USR-100124 | B125: 45807 | C125: Control | D125: West | F125: Email | G125: Basic | H125: 1 | I125: 1 | J125: 0 | K125: 0 | L125: 0 | M125: 0 | N125: 0 | P125: 47.9 | Q125: =IF(M125>0,1,0) -> 0 | R125: =IF(AND(C125="Control",K125=1),O125,"") | S125: =IF(AND(C125="Treatment",K125=1),O125,"") | T125: =IF(AND(C125="Control",P125<>""),P125,"") -> 47.9 | U125: =IF(AND(C125="Treatment",P125<>""),P125,"")
A126: USR-100125 | B126: 45795 | C126: Control | D126: West | E126: Desktop | F126: Organic | G126: Premium | H126: 1 | I126: 0 | J126: 0 | K126: 0 | L126: 0 | M126: 0 | N126: 0 | P126: 62.5 | Q126: =IF(M126>0,1,0) -> 0 | R126: =IF(AND(C126="Control",K126=1),O126,"") | S126: =IF(AND(C126="Treatment",K126=1),O126,"") | T126: =IF(AND(C126="Control",P126<>""),P126,"") -> 62.5 | U126: =IF(AND(C126="Treatment",P126<>""),P126,"")
A127: USR-100126 | B127: 45670 | C127: Control | D127: South | E127: Desktop | F127: Paid Search | G127: Premium | H127: 1 | I127: 0 | J127: 0 | K127: 0 | L127: 0 | M127: 0 | N127: 0 | P127: 56.9 | Q127: =IF(M127>0,1,0) -> 0 | R127: =IF(AND(C127="Control",K127=1),O127,"") | S127: =IF(AND(C127="Treatment",K127=1),O127,"") | T127: =IF(AND(C127="Control",P127<>""),P127,"") -> 56.9 | U127: =IF(AND(C127="Treatment",P127<>""),P127,"")
A128: USR-100127 | B128: 45741 | C128: Control | D128: North | E128: Desktop | F128: Email | G128: Free | H128: 0 | I128: 0 | J128: 0 | K128: 0 | L128: 0 | M128: 0 | N128: 0 | P128: 64.7 | Q128: =IF(M128>0,1,0) -> 0 | R128: =IF(AND(C128="Control",K128=1),O128,"") | S128: =IF(AND(C128="Treatment",K128=1),O128,"") | T128: =IF(AND(C128="Control",P128<>""),P128,"") -> 64.7 | U128: =IF(AND(C128="Treatment",P128<>""),P128,"")
A129: USR-100128 | B129: 45776 | C129: Control | D129: South | E129: Desktop | F129: Organic | G129: Free | H129: 1 | I129: 1 | J129: 1 | K129: 0 | L129: 0 | M129: 0 | N129: 0 | P129: 64 | Q129: =IF(M129>0,1,0) -> 0 | R129: =IF(AND(C129="Control",K129=1),O129,"") | S129: =IF(AND(C129="Treatment",K129=1),O129,"") | T129: =IF(AND(C129="Control",P129<>""),P129,"") -> 64 | U129: =IF(AND(C129="Treatment",P129<>""),P129,"")
A130: USR-100129 | B130: 45794 | C130: Control | D130: East | E130: Mobile | F130: Referral | G130: Basic | H130: 1 | I130: 1 | J130: 1 | K130: 0 | L130: 0 | M130: 0 | N130: 0 | P130: 75.2 | Q130: =IF(M130>0,1,0) -> 0 | R130: =IF(AND(C130="Control",K130=1),O130,"") | S130: =IF(AND(C130="Treatment",K130=1),O130,"") | T130: =IF(AND(C130="Control",P130<>""),P130,"") -> 75.2 | U130: =IF(AND(C130="Treatment",P130<>""),P130,"")
A131: USR-100130 | B131: 45659 | C131: Control | D131: North | E131: Mobile | F131: Paid Search | G131: Free | H131: 1 | I131: 0 | J131: 0 | K131: 0 | L131: 0 | M131: 1 | N131: 0 | P131: 79 | Q131: =IF(M131>0,1,0) -> 1 | R131: =IF(AND(C131="Control",K131=1),O131,"") | S131: =IF(AND(C131="Treatment",K131=1),O131,"") | T131: =IF(AND(C131="Control",P131<>""),P131,"") -> 79 | U131: =IF(AND(C131="Treatment",P131<>""),P131,"")
A132: USR-100131 | B132: 45691 | C132: Control | D132: South | E132: Mobile | F132: Organic | G132: Free | H132: 0 | I132: 0 | J132: 0 | K132: 0 | L132: 0 | M132: 0 | N132: 0 | P132: 33 | Q132: =IF(M132>0,1,0) -> 0 | R132: =IF(AND(C132="Control",K132=1),O132,"") | S132: =IF(AND(C132="Treatment",K132=1),O132,"") | T132: =IF(AND(C132="Control",P132<>""),P132,"") -> 33 | U132: =IF(AND(C132="Treatment",P132<>""),P132,"")
A133: USR-100132 | B133: 45720 | C133: Control | D133: East | E133: Mobile | F133: Organic | G133: Free | H133: 1 | I133: 0 | J133: 0 | K133: 0 | L133: 0 | M133: 0 | N133: 0 | P133: 67.9 | Q133: =IF(M133>0,1,0) -> 0 | R133: =IF(AND(C133="Control",K133=1),O133,"") | S133: =IF(AND(C133="Treatment",K133=1),O133,"") | T133: =IF(AND(C133="Control",P133<>""),P133,"") -> 67.9 | U133: =IF(AND(C133="Treatment",P133<>""),P133,"")
A134: USR-100133 | B134: 45683 | C134: Control | D134: South | E134: Mobile | F134: Paid Search | G134: Basic | H134: 0 | I134: 0 | J134: 0 | K134: 0 | L134: 0 | M134: 0 | N134: 0 | P134: 42.2 | Q134: =IF(M134>0,1,0) -> 0 | R134: =IF(AND(C134="Control",K134=1),O134,"") | S134: =IF(AND(C134="Treatment",K134=1),O134,"") | T134: =IF(AND(C134="Control",P134<>""),P134,"") -> 42.2 | U134: =IF(AND(C134="Treatment",P134<>""),P134,"")
A135: USR-100134 | B135: 45789 | C135: Control | D135: West | E135: Mobile | F135: Paid Search | G135: Basic | H135: 1 | I135: 1 | J135: 1 | K135: 0 | L135: 0 | M135: 0 | N135: 0 | P135: 43.4 | Q135: =IF(M135>0,1,0) -> 0 | R135: =IF(AND(C135="Control",K135=1),O135,"") | S135: =IF(AND(C135="Treatment",K135=1),O135,"") | T135: =IF(AND(C135="Control",P135<>""),P135,"") -> 43.4 | U135: =IF(AND(C135="Treatment",P135<>""),P135,"")
A136: USR-100135 | B136: 45722 | C136: Control | D136: North | E136: Mobile | F136: Organic | G136: Basic | H136: 0 | I136: 0 | J136: 0 | K136: 0 | L136: 0 | M136: 0 | N136: 0 | P136: 54.4 | Q136: =IF(M136>0,1,0) -> 0 | R136: =IF(AND(C136="Control",K136=1),O136,"") | S136: =IF(AND(C136="Treatment",K136=1),O136,"") | T136: =IF(AND(C136="Control",P136<>""),P136,"") -> 54.4 | U136: =IF(AND(C136="Treatment",P136<>""),P136,"")
A137: USR-100136 | B137: 45726 | C137: Control | D137: South | E137: Desktop | F137: Email | G137: Premium | H137: 0 | I137: 0 | J137: 0 | K137: 0 | L137: 0 | M137: 0 | N137: 0 | P137: 45.7 | Q137: =IF(M137>0,1,0) -> 0 | R137: =IF(AND(C137="Control",K137=1),O137,"") | S137: =IF(AND(C137="Treatment",K137=1),O137,"") | T137: =IF(AND(C137="Control",P137<>""),P137,"") -> 45.7 | U137: =IF(AND(C137="Treatment",P137<>""),P137,"")
... A142: USR-100141 | B142: 45676 | C142: Control | D142: South | E142: Mobile | F142: Organic | G142: Free | H142: 0 | I142: 0 | J142: 0 | K142: 0 | L142: 0 | M142: 0 | N142: 0 | P142: 49.6 | Q142: =IF(M142>0,1,0) -> 0 | R142: =IF(AND(C142="Control",K142=1),O142,"") | S142: =IF(AND(C142="Treatment",K142=1),O142,"") | T142: =IF(AND(C142="Control",P142<>""),P142,"") -> 49.6 | U142: =IF(AND(C142="Treatment",P142<>""),P142,"")
A143: USR-100142 | B143: 45750 | C143: Control | D143: West | E143: Desktop | F143: Social | G143: Free | H143: 1 | I143: 1 | J143: 1 | K143: 1 | L143: 404.4 | M143: 0 | N143: 0 | O143: 9 | P143: 80.6 | Q143: =IF(M143>0,1,0) -> 0 | R143: =IF(AND(C143="Control",K143=1),O143,"") -> 9 | S143: =IF(AND(C143="Treatment",K143=1),O143,"") | T143: =IF(AND(C143="Control",P143<>""),P143,"") -> 80.6 | U143: =IF(AND(C143="Treatment",P143<>""),P143,"")
A144: USR-100143 | B144: 45754 | C144: Control | D144: North | E144: Mobile | F144: Paid Search | G144: Free | H144: 1 | I144: 0 | J144: 0 | K144: 0 | L144: 0 | M144: 0 | N144: 0 | P144: 47.9 | Q144: =IF(M144>0,1,0) -> 0 | R144: =IF(AND(C144="Control",K144=1),O144,"") | S144: =IF(AND(C144="Treatment",K144=1),O144,"") | T144: =IF(AND(C144="Control",P144<>""),P144,"") -> 47.9 | U144: =IF(AND(C144="Treatment",P144<>""),P144,"")
A145: USR-100144 | B145: 45663 | C145: Control | D145: East | E145: Mobile | F145: Paid Search | G145: Basic | H145: 1 | I145: 1 | J145: 0 | K145: 0 | L145: 0 | M145: 0 | N145: 0 | P145: 54.8 | Q145: =IF(M145>0,1,0) -> 0 | R145: =IF(AND(C145="Control",K145=1),O145,"") | S145: =IF(AND(C145="Treatment",K145=1),O145,"") | T145: =IF(AND(C145="Control",P145<>""),P145,"") -> 54.8 | U145: =IF(AND(C145="Treatment",P145<>""),P145,"")
A146: USR-100145 | B146: 45758 | C146: Control | D146: East | E146: Mobile | F146: Organic | G146: Free | H146: 1 | I146: 0 | J146: 0 | K146: 0 | L146: 0 | M146: 1 | N146: 0 | P146: 53.9 | Q146: =IF(M146>0,1,0) -> 1 | R146: =IF(AND(C146="Control",K146=1),O146,"") | S146: =IF(AND(C146="Treatment",K146=1),O146,"") | T146: =IF(AND(C146="Control",P146<>""),P146,"") -> 53.9 | U146: =IF(AND(C146="Treatment",P146<>""),P146,"")
A147: USR-100146 | B147: 45770 | C147: Control | D147: East | E147: Mobile | F147: Paid Search | G147: Free | H147: 1 | I147: 0 | J147: 0 | K147: 0 | L147: 0 | M147: 0 | N147: 0 | P147: 41.3 | Q147: =IF(M147>0,1,0) -> 0 | R147: =IF(AND(C147="Control",K147=1),O147,"") | S147: =IF(AND(C147="Treatment",K147=1),O147,"") | T147: =IF(AND(C147="Control",P147<>""),P147,"") -> 41.3 | U147: =IF(AND(C147="Treatment",P147<>""),P147,"")
A148: USR-100147 | B148: 45741 | C148: Control | D148: West | E148: Mobile | F148: Organic | G148: Basic | H148: 1 | I148: 1 | J148: 0 | K148: 0 | L148: 0 | M148: 0 | N148: 0 | P148: 38.9 | Q148: =IF(M148>0,1,0) -> 0 | R148: =IF(AND(C148="Control",K148=1),O148,"") | S148: =IF(AND(C148="Treatment",K148=1),O148,"") | T148: =IF(AND(C148="Control",P148<>""),P148,"") -> 38.9 | U148: =IF(AND(C148="Treatment",P148<>""),P148,"")
A149: USR-100148 | B149: 45802 | C149: Control | D149: South | E149: Desktop | F149: Organic | G149: Basic | H149: 1 | I149: 0 | J149: 0 | K149: 0 | L149: 0 | M149: 0 | N149: 0 | P149: 63.6 | Q149: =IF(M149>0,1,0) -> 0 | R149: =IF(AND(C149="Control",K149=1),O149,"") | S149: =IF(AND(C149="Treatment",K149=1),O149,"") | T149: =IF(AND(C149="Control",P149<>""),P149,"") -> 63.6 | U149: =IF(AND(C149="Treatment",P149<>""),P149,"")
A150: USR-100149 | B150: 45685 | C150: Control | D150: North | E150: Mobile | F150: Organic | G150: Free | H150: 1 | I150: 1 | J150: 1 | K150: 1 | L150: 577.94 | M150: 0 | N150: 0 | O150: 9 | P150: 76.6 | Q150: =IF(M150>0,1,0) -> 0 | R150: =IF(AND(C150="Control",K150=1),O150,"") -> 9 | S150: =IF(AND(C150="Treatment",K150=1),O150,"") | T150: =IF(AND(C150="Control",P150<>""),P150,"") -> 76.6 | U150: =IF(AND(C150="Treatment",P150<>""),P150,"")
A151: USR-100150 | B151: 45700 | C151: Control | D151: West | E151: Mobile | F151: Paid Search | G151: Premium | H151: 0 | I151: 0 | J151: 0 | K151: 0 | L151: 0 | M151: 1 | N151: 0 | P151: 67.6 | Q151: =IF(M151>0,1,0) -> 1 | R151: =IF(AND(C151="Control",K151=1),O151,"") | S151: =IF(AND(C151="Treatment",K151=1),O151,"") | T151: =IF(AND(C151="Control",P151<>""),P151,"") -> 67.6 | U151: =IF(AND(C151="Treatment",P151<>""),P151,"")
A152: USR-100151 | B152: 45776 | C152: Control | D152: North | E152: Mobile | F152: Social | G152: Premium | H152: 1 | I152: 0 | J152: 0 | K152: 0 | L152: 0 | M152: 0 | N152: 0 | P152: 43.1 | Q152: =IF(M152>0,1,0) -> 0 | R152: =IF(AND(C152="Control",K152=1),O152,"") | S152: =IF(AND(C152="Treatment",K152=1),O152,"") | T152: =IF(AND(C152="Control",P152<>""),P152,"") -> 43.1 | U152: =IF(AND(C152="Treatment",P152<>""),P152,"")
A153: USR-100152 | B153: 45729 | C153: Control | D153: South | E153: Mobile | F153: Email | G153: Free | H153: 1 | I153: 0 | J153: 0 | K153: 0 | L153: 0 | M153: 0 | N153: 0 | P153: 58.3 | Q153: =IF(M153>0,1,0) -> 0 | R153: =IF(AND(C153="Control",K153=1),O153,"") | S153: =IF(AND(C153="Treatment",K153=1),O153,"") | T153: =IF(AND(C153="Control",P153<>""),P153,"") -> 58.3 | U153: =IF(AND(C153="Treatment",P153<>""),P153,"")
A154: USR-100153 | B154: 45692 | C154: Control | D154: East | E154: Desktop | F154: Paid Search | G154: Free | H154: 1 | I154: 0 | J154: 0 | K154: 0 | L154: 0 | M154: 0 | N154: 0 | P154: 69.8 | Q154: =IF(M154>0,1,0) -> 0 | R154: =IF(AND(C154="Control",K154=1),O154,"") | S154: =IF(AND(C154="Treatment",K154=1),O154,"") | T154: =IF(AND(C154="Control",P154<>""),P154,"") -> 69.8 | U154: =IF(AND(C154="Treatment",P154<>""),P154,"")
A155: USR-100154 | B155: 45720 | C155: Control | D155: South | E155: Mobile | F155: Referral | G155: Free | H155: 1 | I155: 1 | J155: 0 | K155: 0 | L155: 0 | M155: 0 | N155: 0 | Q155: =IF(M155>0,1,0) -> 0 | R155: =IF(AND(C155="Control",K155=1),O155,"") | S155: =IF(AND(C155="Treatment",K155=1),O155,"") | T155: =IF(AND(C155="Control",P155<>""),P155,"") | U155: =IF(AND(C155="Treatment",P155<>""),P155,"")
A156: USR-100155 | B156: 45692 | C156: Control | D156: West | E156: Mobile | F156: Paid Search | G156: Basic | H156: 1 | I156: 1 | J156: 0 | K156: 0 | L156: 0 | M156: 0 | N156: 0 | P156: 41.9 | Q156: =IF(M156>0,1,0) -> 0 | R156: =IF(AND(C156="Control",K156=1),O156,"") | S156: =IF(AND(C156="Treatment",K156=1),O156,"") | T156: =IF(AND(C156="Control",P156<>""),P156,"") -> 41.9 | U156: =IF(AND(C156="Treatment",P156<>""),P156,"")
A157: USR-100156 | B157: 45727 | C157: Control | D157: North | E157: Desktop | F157: Organic | G157: Free | H157: 0 | I157: 0 | J157: 0 | K157: 0 | L157: 0 | M157: 0 | N157: 0 | P157: 33.1 | Q157: =IF(M157>0,1,0) -> 0 | R157: =IF(AND(C157="Control",K157=1),O157,"") | S157: =IF(AND(C157="Treatment",K157=1),O157,"") | T157: =IF(AND(C157="Control",P157<>""),P157,"") -> 33.1 | U157: =IF(AND(C157="Treatment",P157<>""),P157,"")
A158: USR-100157 | B158: 45769 | C158: Control | D158: West | E158: Mobile | F158: Organic | G158: Free | H158: 0 | I158: 0 | J158: 0 | K158: 0 | L158: 0 | M158: 0 | N158: 0 | P158: 58.6 | Q158: =IF(M158>0,1,0) -> 0 | R158: =IF(AND(C158="Control",K158=1),O158,"") | S158: =IF(AND(C158="Treatment",K158=1),O158,"") | T158: =IF(AND(C158="Control",P158<>""),P158,"") -> 58.6 | U158: =IF(AND(C158="Treatment",P158<>""),P158,"")
A159: USR-100158 | B159: 45724 | C159: Control | D159: North | E159: Desktop | F159: Paid Search | G159: Free | H159: 0 | I159: 0 | J159: 0 | K159: 0 | L159: 0 | M159: 0 | N159: 0 | P159: 55.7 | Q159: =IF(M159>0,1,0) -> 0 | R159: =IF(AND(C159="Control",K159=1),O159,"") | S159: =IF(AND(C159="Treatment",K159=1),O159,"") | T159: =IF(AND(C159="Control",P159<>""),P159,"") -> 55.7 | U159: =IF(AND(C159="Treatment",P159<>""),P159,"")
A160: USR-100159 | B160: 45726 | C160: Control | D160: East | E160: Mobile | F160: Organic | G160: Free | H160: 0 | I160: 0 | J160: 0 | K160: 0 | L160: 0 | M160: 2 | N160: 0 | P160: 64.9 | Q160: =IF(M160>0,1,0) -> 1 | R160: =IF(AND(C160="Control",K160=1),O160,"") | S160: =IF(AND(C160="Treatment",K160=1),O160,"") | T160: =IF(AND(C160="Control",P160<>""),P160,"") -> 64.9 | U160: =IF(AND(C160="Treatment",P160<>""),P160,"")
A161: USR-100160 | B161: 45795 | C161: Control | D161: North | E161: Desktop | F161: Paid Search | G161: Basic | H161: 0 | I161: 0 | J161: 0 | K161: 0 | L161: 0 | M161: 0 | N161: 0 | P161: 72.3 | Q161: =IF(M161>0,1,0) -> 0 | R161: =IF(AND(C161="Control",K161=1),O161,"") | S161: =IF(AND(C161="Treatment",K161=1),O161,"") | T161: =IF(AND(C161="Control",P161<>""),P161,"") -> 72.3 | U161: =IF(AND(C161="Treatment",P161<>""),P161,"")
A162: USR-100161 | B162: 45791 | C162: Control | D162: North | E162: Mobile | F162: Social | G162: Basic | H162: 0 | I162: 0 | J162: 0 | K162: 0 | L162: 0 | M162: 0 | N162: 0 | P162: 42.1 | Q162: =IF(M162>0,1,0) -> 0 | R162: =IF(AND(C162="Control",K162=1),O162,"") | S162: =IF(AND(C162="Treatment",K162=1),O162,"") | T162: =IF(AND(C162="Control",P162<>""),P162,"") -> 42.1 | U162: =IF(AND(C162="Treatment",P162<>""),P162,"")
A163: USR-100162 | B163: 45689 | C163: Control | D163: North | E163: Mobile | F163: Organic | G163: Free | H163: 0 | I163: 0 | J163: 0 | K163: 0 | L163: 0 | M163: 0 | N163: 0 | Q163: =IF(M163>0,1,0) -> 0 | R163: =IF(AND(C163="Control",K163=1),O163,"") | S163: =IF(AND(C163="Treatment",K163=1),O163,"") | T163: =IF(AND(C163="Control",P163<>""),P163,"") | U163: =IF(AND(C163="Treatment",P163<>""),P163,"")
A164: USR-100163 | B164: 45758 | C164: Control | D164: South | E164: Mobile | F164: Organic | G164: Basic | H164: 0 | I164: 0 | J164: 0 | K164: 0 | L164: 0 | M164: 1 | N164: 0 | P164: 64.8 | Q164: =IF(M164>0,1,0) -> 1 | R164: =IF(AND(C164="Control",K164=1),O164,"") | S164: =IF(AND(C164="Treatment",K164=1),O164,"") | T164: =IF(AND(C164="Control",P164<>""),P164,"") -> 64.8 | U164: =IF(AND(C164="Treatment",P164<>""),P164,"")
A165: USR-100164 | B165: 45702 | C165: Control | D165: East | E165: Mobile | F165: Organic | G165: Free | H165: 0 | I165: 0 | J165: 0 | K165: 0 | L165: 0 | M165: 0 | N165: 0 | P165: 72.1 | Q165: =IF(M165>0,1,0) -> 0 | R165: =IF(AND(C165="Control",K165=1),O165,"") | S165: =IF(AND(C165="Treatment",K165=1),O165,"") | T165: =IF(AND(C165="Control",P165<>""),P165,"") -> 72.1 | U165: =IF(AND(C165="Treatment",P165<>""),P165,"")
...

Sheet Hypothesis_Test
A1: Task 7 — Hypothesis Test: Paid Conversion Rate (North Star)
A3: HYPOTHESIS SETUP
A4: Null hypothesis (H0) | B4: Treatment conversion rate = Control conversion rate
A5: Alternate hypothesis (H1) | B5: Treatment conversion rate > Control conversion rate (one-tailed)
A6: Significance level (alpha) | B6: 0.05
A8: TEST INPUTS (live from Raw_Data)
A9: n1 — Control users | B9: =COUNTIF(Raw_Data!$C$2:$C$1401,"Control") -> 690
A10: n2 — Treatment users | B10: =COUNTIF(Raw_Data!$C$2:$C$1401,"Treatment") -> 710
A11: x1 — Control conversions | B11: =SUMIFS(Raw_Data!$K$2:$K$1401,Raw_Data!$C$2:$C$1401,"Control") -> 22
A12: x2 — Treatment conversions | B12: =SUMIFS(Raw_Data!$K$2:$K$1401,Raw_Data!$C$2:$C$1401,"Treatment") -> 50
A13: p1 — Control conversion rate | B13: =B11/B9 -> 0.031884058
A14: p2 — Treatment conversion rate | B14: =B12/B10 -> 0.070422535
A16: TEST CALCULATION
A17: Pooled proportion | B17: =(B11+B12)/(B9+B10) -> 0.051428571
A18: Standard error (pooled) | B18: =SQRT(B17*(1-B17)*(1/B9+1/B10)) -> 0.011807217
A19: Z-statistic | B19: =(B14-B13)/B18 -> 3.2639763
A20: One-tailed p-value | B20: =1-_xlfn.NORM.S.DIST(B19,TRUE()) -> 0.00054930169
A21: Two-tailed p-value | B21: =2*(1-_xlfn.NORM.S.DIST(ABS(B19),TRUE())) -> 0.0010986034
A23: CONFIDENCE INTERVAL & EFFECT SIZE
A24: Standard error (unpooled) | B24: =SQRT(B13*(1-B13)/B9+B14*(1-B14)/B10) -> 0.011702015
A25: Absolute lift (p2 - p1) | B25: =B14-B13 -> 0.038538477
A26: 95% CI lower bound | B26: =B25-1.96*B24 -> 0.015602528
A27: 95% CI upper bound | B27: =B25+1.96*B24 -> 0.061474426
A28: Relative lift | B28: =B25/B13 -> 1.2087068
A30: DECISION
A31: Decision rule result | B31: =IF(B20<B6,"Reject H0 — statistically significant improvement","Fail to reject H0 — not statistically significant") -> Reject H0 — statistically significant improvement

Sheet Guardrail_Tests
A1: Task 8 — Guardrail Metric Significance Tests
A3: GUARDRAIL 1: SUPPORT TICKET RATE (two-proportion z-test)
A4: Significance level (alpha) | B4: 0.05
A5: n1 — Control users | B5: =COUNTIF(Raw_Data!$C$2:$C$1401,"Control") -> 690
A6: n2 — Treatment users | B6: =COUNTIF(Raw_Data!$C$2:$C$1401,"Treatment") -> 710
A7: x1 — Control users w/ a ticket | B7: =SUMIFS(Raw_Data!$Q$2:$Q$1401,Raw_Data!$C$2:$C$1401,"Control") -> 102
A8: x2 — Treatment users w/ a ticket | B8: =SUMIFS(Raw_Data!$Q$2:$Q$1401,Raw_Data!$C$2:$C$1401,"Treatment") -> 176
A9: p1 — Control ticket rate | B9: =B7/B5 -> 0.14782609
A10: p2 — Treatment ticket rate | B10: =B8/B6 -> 0.24788732
A11: Pooled proportion | B11: =(B7+B8)/(B5+B6) -> 0.19857143
A12: Standard error | B12: =SQRT(B11*(1-B11)*(1/B5+1/B6)) -> 0.021325592
A13: Z-statistic | B13: =(B10-B9)/B12 -> 4.6920732
A14: Two-tailed p-value | B14: =2*(1-_xlfn.NORM.S.DIST(ABS(B13),TRUE())) -> 2.7045032e-06
A15: Decision | B15: =IF(B14<B4,"Significant increase — real guardrail risk","Not statistically significant") -> Significant increase — real guardrail risk
A17: GUARDRAIL 2: DAYS TO CONVERT (Welch's two-sample t-test)
A18: Significance level (alpha) | B18: 0.05
A19: n — Control (converted users) | B19: =COUNT(Raw_Data!$R$2:$R$1401) -> 22
A20: n — Treatment (converted users) | B20: =COUNT(Raw_Data!$S$2:$S$1401) -> 50
A21: Mean — Control days to convert | B21: =AVERAGE(Raw_Data!$R$2:$R$1401) -> 8.8636364
A22: Mean — Treatment days to convert | B22: =AVERAGE(Raw_Data!$S$2:$S$1401) -> 6.4
A23: Std dev — Control | B23: =_xlfn.STDEV.S(Raw_Data!$R$2:$R$1401) -> 3.6160417
A24: Std dev — Treatment | B24: =_xlfn.STDEV.S(Raw_Data!$S$2:$S$1401) -> 2.9965967
A25: Two-tailed p-value (T.TEST, unequal var.) | B25: =_xlfn.T.TEST(Raw_Data!$R$2:$R$1401,Raw_Data!$S$2:$S$1401,2,3) -> 0.0083285066
A26: Decision | B26: =IF(B25<B18,"Significant — Treatment converts faster","Not statistically significant") -> Significant — Treatment converts faster
A28: GUARDRAIL 3: ENGAGEMENT SCORE (Welch's two-sample t-test)
A29: Significance level (alpha) | B29: 0.05
A30: n — Control (non-missing) | B30: =COUNT(Raw_Data!$T$2:$T$1401) -> 684
A31: n — Treatment (non-missing) | B31: =COUNT(Raw_Data!$U$2:$U$1401) -> 702
A32: Mean — Control engagement | B32: =AVERAGE(Raw_Data!$T$2:$T$1401) -> 57.029532
A33: Mean — Treatment engagement | B33: =AVERAGE(Raw_Data!$U$2:$U$1401) -> 62.940028
A34: Two-tailed p-value (T.TEST, unequal var.) | B34: =_xlfn.T.TEST(Raw_Data!$T$2:$T$1401,Raw_Data!$U$2:$U$1401,2,3) -> 4.5463658e-15
A35: Decision | B35: =IF(B34<B29,"Significant — Treatment more engaged","Not statistically significant") -> Significant — Treatment more engaged
A37: GUARDRAIL 4: REFUND RATE (descriptive only — see note)
A38: Control refunds / users | B38: =SUMIFS(Raw_Data!$N$2:$N$1401,Raw_Data!$C$2:$C$1401,"Control")&" / "&COUNTIF(Raw_Data!$C$2:$C$1401,"Control") -> 0 / 690
A39: Treatment refunds / users | B39: =SUMIFS(Raw_Data!$N$2:$N$1401,Raw_Data!$C$2:$C$1401,"Treatment")&" / "&COUNTIF(Raw_Data!$C$2:$C$1401,"Treatment") -> 3 / 710
A40: Note: a formal z-test is not run here — with zero refund events in Control, the pooled-proportion z-test is unreliable (near-zero expected cell counts). Treat this as a metric to keep monitoring as volume grows, not a tested guardrail.
